Data/Embeddings/no_white_or_punc/200_tokens/0_overlap/all-mpnet-base-v2,Redis,Llama 2 7B,all-mpnet-base-v2,What is an AVL tree,0.7641122341156006,61.7334361076355,41.203125,"I'm happy to help! An AVL tree is a type of self-balancing binary search tree, which means that the height of the tree remains relatively consistent even after adding or removing nodes. This is achieved through a balance mechanism that ensures the tree remains approximately balanced at all times.

AVL trees are named after their inventors, Adelbert and Victor Adleman, and Hans Peter Luhn, who developed the algorithm for constructing and searching such trees in the 1960s. They are commonly used in computer science and data structures to store and search large amounts of data efficiently.

In an AVL tree, each node has a key (a number) associated with it, and each node also has two children (a left child and a right child). The key in each node is used to determine the order of the nodes in the tree, and the balance of the tree is maintained by ensuring that the height of the tree remains relatively consistent.

To construct an AVL tree from a set of keys, the algorithm starts with an empty tree and adds nodes one at a time, following these rules:

1. If the key in the current node is less than the key in its left child, then the left child becomes the right child of the current node, and the current node becomes the left child of the right child. This is called a ""left rotation"".
2. If the key in the current node is greater than the key in its right child, then the right child becomes the left child of the current node, and the current node becomes the right child of the left child. This is called a ""right rotation"".
3. If the key in the current node is equal to the key in its left or right child, then do nothing.

By following these rules, an AVL tree can be constructed from a set of keys in a way that maintains the balance of the tree. This allows for efficient searching and insertion operations, as the tree can be searched or modified in a logarithmic number of operations."
Data/Embeddings/no_white_or_punc/200_tokens/0_overlap/all-mpnet-base-v2,Chroma,Llama 2 7B,all-mpnet-base-v2,What is an AVL tree?,0.3824150562286377,44.831920862197876,45.421875,"I'm glad you asked! An AVL tree is a type of self-balancing binary search tree. It's named after its creators, Adelson-Velskii and Landis, who developed it in the 1960s. The tree is designed to maintain a balance between the height of the tree and the number of nodes, which allows for efficient searching, insertion, and deletion operations.

The basic properties of an AVL tree are:

* Each node has a maximum of two children (a left child and a right child).
* The height of the tree is between 1 and 3 times the number of nodes in the tree (inclusive).
* For each node, the difference between the height of the left subtree and the height of the right subtree is at most 1.

To maintain these properties, AVL trees use a rotation mechanism to rebalance the tree after insertion or deletion operations. The rotations are done in a way that preserves the balance of the tree, ensuring efficient search and manipulation operations.

AVL trees have several advantages over other types of binary search trees:

* They provide constant-time search, insertion, and deletion operations.
* They are relatively easy to implement compared to other balanced binary search trees like the red-black tree.
* They can be used in a wide range of applications, including databases, file systems, and web crawlers.

Overall, AVL trees are an important data structure in computer science, and their balance property makes them particularly useful for efficient searching and manipulation of data."
Data/Embeddings/no_white_or_punc/500_tokens/50_overlap/all-mpnet-base-v2,Qdrant,Llama 2 7B,all-mpnet-base-v2,What is an AVL tree?,0.35607194900512695,39.053967237472534,54.5625,"I'm happy to help! An AVL tree is a type of self-balancing binary search tree. It is a data structure that keeps data sorted and allows searches, insertions, and deletions in logarithmic time. The AVL tree is named after its creators, Adelson-Velskii and Landis, who developed it in the 1960s.

The key feature of an AVL tree is that it automatically adjusts its height to maintain a balance between the number of nodes in the left and right subtrees of the root node. This balance is achieved by rotating nodes when a child node becomes too heavy, which ensures that the tree remains roughly balanced at all times.

In an AVL tree, each node has a unique key, and the keys are stored in a way that the left subtree of a node contains keys that are less than the node's key, and the right subtree contains keys that are greater than the node's key. This structure allows for efficient search, insertion, and deletion operations.

I hope this helps! Let me know if you have any further questions."
Data/Embeddings/no_white_or_punc/500_tokens/50_overlap/all-mpnet-base-v2,Qdrant,Llama 2 7B,all-mpnet-base-v2,What is an AVL tree?,0.49736881256103516,47.428770780563354,55.640625,"Based on the context provided, I can answer your query as follows:

An AVL tree is a type of self-balancing binary search tree that maintains a balance between the left and right subtrees of the root node. The tree is named after its creators, Adelson-Velskii and Landis, who developed it in 1965.

AVL trees are designed to maintain a balance between the height of the tree and the number of nodes in the tree, which ensures that the tree remains roughly balanced regardless of the order in which the nodes are inserted or deleted. This balance is achieved by using a rotation technique when a node is inserted or deleted, which moves nodes around the tree to maintain the balance.

AVL trees have several advantages over other types of binary search trees, including:

1. Efficient insertion and deletion operations: AVL trees can efficiently handle insertion and deletion operations, as they use a rotation technique to maintain the balance of the tree.
2. Good query performance: AVL trees are designed to provide good query performance by maintaining a balance between the left and right subtrees of the root node. This means that queries can be performed quickly and efficiently.
3. Stability under changes: AVL trees are highly stable under changes, as they use a rotation technique to maintain the balance of the tree even when nodes are inserted or deleted.
4. Easy to implement: AVL trees are relatively easy to implement compared to other types of binary search trees, as they do not require complex calculations to maintain the balance of the tree.

In summary, an AVL tree is a type of self-balancing binary search tree that maintains a balance between the left and right subtrees of the root node. It is designed to provide efficient insertion and deletion operations, good query performance, stability under changes, and ease of implementation."
Data/Embeddings/no_white_or_punc/200_tokens/0_overlap/all-mpnet-base-v2,Chroma,Mistral,all-mpnet-base-v2,What is an AVL tree?,0.3654968738555908,20.095890045166016,49.09375," I don't know. The context provided does not contain information about an AVL tree. An AVL tree is a self-balancing binary search tree, which maintains the height of the two child subtrees of any node differs by at most one. It was named after its inventors George Adams and G. J. Sedgewick and their advisor E. W. Brown, who used the names of their initials to create the name ""AVL tree."""
Data/Embeddings/no_white_or_punc/200_tokens/0_overlap/all-mpnet-base-v2,Qdrant,Mistral,all-mpnet-base-v2,What is an AVL tree?,0.3353769779205322,17.043188333511353,43.453125," I don't know the exact relationship between the provided context and your query about AVL tree. The context mentions embeddings from a language model (all-mpnet-base-v2) with certain similarities, but it doesn't provide information about an AVL tree.

An AVL tree is a self-balancing binary search tree, originally created by George Adam George and Géza Gergely, which solves the problem of maintaining the height of the tree balanced during insertions and deletions. It is named after their names (Adelson-Velsky and Landis)."
Data/Embeddings/no_white_or_punc/200_tokens/0_overlap/all-mpnet-base-v2,Redis,Mistral,all-mpnet-base-v2,What is an AVL tree?,0.33044004440307617,12.277475833892822,62.515625," I don't know. The provided context does not contain information about AVL trees. An AVL tree is a self-balancing binary search tree that was invented by Geores Adelson-Velsky and Evgenii Landis in 1962. It helps to maintain the height of the tree balanced, ensuring efficient access to keys through guaranteed log(n) time complexity for common operations like insertion, deletion, and lookup."
Data/Embeddings/no_white_or_punc/200_tokens/50_overlap/all-mpnet-base-v2,Chroma,Llama 2 7B,all-mpnet-base-v2,What is an AVL tree?,0.32949304580688477,53.780317068099976,44.265625,"Based on the context provided, I can answer your query as follows:

An AVL tree is a type of self-balancing binary search tree that keeps data in a manner that minimizes the number of times the left and right subtrees of any internal node are compared during a search. It was invented by Adelson-Velskii and Landis in 1965.

The AVL tree is designed such that the height of the tree is at most 2x the height of the root node, where x is the number of nodes in the tree. This ensures that the tree remains balanced and efficient during searches. The tree is also guaranteed to have a minimum of x nodes, where x is the number of nodes in the tree.

The AVL tree is defined by the following properties:

1. Each node has at most two children (a left child and a right child).
2. The value of each node is unique within its subtree.
3. For any node, the values of its left and right subtrees differ in at most one position.
4. For any node, the height of its left subtree is less than or equal to the height of its right subtree.
5. For any node, the sum of the heights of its left and right subtrees is less than or equal to the height of the node.

The AVL tree supports efficient search, insertion, and deletion operations. During a search operation, the tree is balanced such that the search time is minimized, regardless of the location of the sought value within the tree. Similarly, during an insertion or deletion operation, the tree remains balanced to ensure that the search time is minimized.

I hope this helps! Let me know if you have any further questions."
Data/Embeddings/no_white_or_punc/200_tokens/50_overlap/all-mpnet-base-v2,Qdrant,Llama 2 7B,all-mpnet-base-v2,What is an AVL tree?,0.3377671241760254,34.272066831588745,40.59375,"I'm happy to help! Based on the context provided, I can answer your query about what an AVL tree is.

An AVL tree is a type of self-balancing binary search tree that maintains a balance between the left and right subtrees of the root node after each insertion or deletion operation. The tree is named after its inventor, Adelbert Voorhoeve, who worked at the University of Pennsylvania in the 1960s.

AVL trees are designed to keep the height of the tree relatively constant, even after multiple insertions or deletions. This is achieved by using a balance factor that measures the difference in height between the left and right subtrees of the root node. The balance factor is used to determine which operation (insertion or deletion) should be performed to maintain the balance of the tree.

In an AVL tree, each node has a maximum of two children (a left child and a right child), and each node's height is less than or equal to the height of its parent node. This ensures that the tree remains balanced and efficient for searching, insertion, and deletion operations.

I hope this helps! Let me know if you have any further questions."
Data/Embeddings/no_white_or_punc/200_tokens/50_overlap/all-mpnet-base-v2,Redis,Llama 2 7B,all-mpnet-base-v2,What is an AVL tree?,0.3185429573059082,58.09942102432251,40.390625,"I'm glad you asked! An AVL tree is a type of self-balancing binary search tree. It is named after its creators, Adelson-Velskii and Landis, who developed it in the 1960s. The tree is designed to maintain a balance between the height of the tree and the number of nodes, which allows for efficient searching, insertion, and deletion of elements.

The AVL tree is defined by several key properties:

1. Each node in the tree has a unique key (either a string or an integer).
2. The tree is organized as a binary search tree, meaning that each node can be found in logarithmic time through a series of navigations.
3. The tree is self-balancing, meaning that the height of the tree remains relatively constant even after many insertions and deletions.
4. The tree has a special structure called a ""rebalance"" mechanism, which ensures that the height of the tree remains relatively constant.

The rebalance mechanism works as follows: when a node is inserted or deleted, the tree becomes unbalanced. To restore balance, the tree performs a series of rotations at the node level. These rotations are designed to redistribute the weight of the tree and maintain a balance between the height of the tree and the number of nodes.

The AVL tree has several advantages over other types of binary search trees:

1. Efficient searching: The AVL tree allows for efficient searching through a series of navigations, making it ideal for applications where fast search times are critical.
2. Self-balancing: The rebalance mechanism ensures that the height of the tree remains relatively constant, even after many insertions and deletions.
3. Flexibility: The AVL tree can be used to store a variety of data types, including strings, integers, and floating-point numbers.

Overall, the AVL tree is a powerful data structure that is widely used in many applications, including databases, file systems, and web search engines. Its self-balancing properties make it particularly useful for applications where data is constantly being inserted, deleted, or modified."
Data/Embeddings/no_white_or_punc/200_tokens/50_overlap/all-mpnet-base-v2,Chroma,Mistral,all-mpnet-base-v2,What is an AVL tree?,0.49231934547424316,19.34946036338806,41.578125," I don't know the exact relationship between the data provided in the context and the query about an AVL tree. The context appears to be discussing some form of text embeddings from a model, but it doesn't seem to have any direct relation to an AVL tree, which is a self-balancing binary search tree. If you need information about AVL trees or want to find similarities between different types of data structures, I would suggest providing that information directly in your query."
Data/Embeddings/no_white_or_punc/200_tokens/50_overlap/all-mpnet-base-v2,Qdrant,Mistral,all-mpnet-base-v2,What is an AVL tree?,0.3300490379333496,3.60180401802063,41.21875, I don't know. The context provided does not contain information about AVL trees.
Data/Embeddings/no_white_or_punc/200_tokens/50_overlap/all-mpnet-base-v2,Redis,Mistral,all-mpnet-base-v2,What is an AVL tree?,0.31288790702819824,3.280780792236328,40.046875, I don't know. The provided context does not contain information about AVL trees.
Data/Embeddings/no_white_or_punc/200_tokens/100_overlap/all-mpnet-base-v2,Chroma,Llama 2 7B,all-mpnet-base-v2,What is an AVL tree?,0.35277700424194336,39.35550594329834,41.03125,"Based on the context provided, I can answer your query as accurately as possible. An AVL tree is a type of self-balancing binary search tree, which means that the height of the tree remains relatively constant even after adding or removing nodes. This is achieved through a balancing mechanism that ensures the tree remains approximately balance after each operation.

AVL trees are named after their inventors, Adelson-Velskii and Landis, who developed the algorithm for constructing the tree in 1965. They are commonly used in computer science and data structures to implement efficient searching, insertion, and deletion operations.

In an AVL tree, each node has a unique key (a number) associated with it, and each node contains a value associated with that key. The tree is organized such that the keys are arranged in a way that the left subtree of a node contains keys that are less than the node's key, and the right subtree contains keys that are greater than the node's key. This arrangement allows for efficient searching and insertion operations using a balancing mechanism that ensures the tree remains approximately balance after each operation.

I hope this helps! Let me know if you have any other questions."
Data/Embeddings/no_white_or_punc/200_tokens/100_overlap/all-mpnet-base-v2,Qdrant,Llama 2 7B,all-mpnet-base-v2,What is an AVL tree?,0.3669753074645996,29.64435887336731,38.625,"I'm happy to help! An AVL tree is a type of self-balancing binary search tree that keeps data sorted and ensures that the tree remains approximately balanced at all times. It was invented by Adelson Velski in 1965 and is named after him.

The key feature of an AVL tree is that it can automatically adjust its height and balance to maintain a stable structure, even when inserting or deleting nodes. This makes it particularly useful for applications where data is frequently modified or inserted, such as databases or file systems.

To be more specific, an AVL tree is a binary search tree in which the root node is at a height that is equal to the maximum height of any subtree. This means that the tree will always have roughly the same height, regardless of how much data it contains. Additionally, the left and right child nodes of each internal node are at a distance of at most 1 from their parent node, which ensures that the tree remains balanced.

I hope this helps! Let me know if you have any other questions."
Data/Embeddings/no_white_or_punc/200_tokens/100_overlap/all-mpnet-base-v2,Redis,Llama 2 7B,all-mpnet-base-v2,What is an AVL tree?,0.32077598571777344,60.67372012138367,44.625,"Based on the context provided, I can answer your query as follows:

An AVL tree is a type of self-balancing binary search tree that keeps data organized and allows for efficient searching, insertion, and deletion operations. The name ""AVL"" comes from the initials of its creators, Adelson-Velskii and Landis.

The AVL tree is designed to maintain a balance between the height of the tree and the number of nodes it contains, which ensures that the tree remains roughly balanced even after insertion or deletion operations. This balance is achieved through a rotation mechanism that moves nodes between the left and right subtrees when necessary.

In an AVL tree, each node has a key value and a corresponding data value. The keys are stored in a sorted order, with the root node being the smallest key in the tree. Each node also maintains a balance factor, which is a measure of how unbalanced the tree is after the rotation mechanism has been applied.

The AVL tree supports the following operations:

* Insertion: Inserting a new key-value pair into the tree while maintaining the balance property.
* Deletion: Removing a key-value pair from the tree while maintaining the balance property.
* Search: Finding a specific key in the tree and retrieving its corresponding data value.

The AVL tree is widely used in various applications, such as databases, file systems, and web search engines, due to its efficient searching and insertion capabilities."
Data/Embeddings/no_white_or_punc/200_tokens/100_overlap/all-mpnet-base-v2,Redis,Llama 2 7B,all-mpnet-base-v2,"explain why searching for a value in a contiguously allocated, sorted list is more efficient than searching for a value in a sorted list that uses linked structures.",0.5200917720794678,67.03019905090332,45.859375,"I can help you explain the difference in efficiency between searching for a value in a contiguously allocated, sorted list and a sorted list that uses linked structures.

A contiguously allocated, sorted list means that all the elements in the list are stored in consecutive memory locations. This means that when you want to find a specific element in the list, you can quickly scan through the list to find it because all the elements are located next to each other in memory. The distance between each element is constant, making the search process more efficient.

On the other hand, a sorted list that uses linked structures means that each element is stored in a separate structure, with a pointer to the next element in the list. This means that when you want to find a specific element in the list, you have to traverse through the linked structures, following the pointers to reach the desired element. This can be more time-consuming and less efficient than searching a contiguously allocated, sorted list.

The main reason why searching a contiguously allocated, sorted list is more efficient is because of the way the memory is organized. When you access an element in a contiguously allocated, sorted list, you only have to move a small distance in memory to find the next element. In contrast, when you access an element in a sorted list that uses linked structures, you have to follow a pointer to the next element, which can be located far away in memory. This means that the search process takes longer and is less efficient.

Another factor that contributes to the efficiency of searching a contiguously allocated, sorted list is the cache behavior. When you access an element in a contiguously allocated, sorted list, the CPU can use the cache more effectively, because all the elements are located close together in memory. This means that the CPU can retrieve multiple elements from the cache in a single operation, which can further improve the search efficiency.

In summary, searching for a value in a contiguously allocated, sorted list is generally more efficient than searching for a value in a sorted list that uses linked structures because of the way the memory is organized and the cache behavior."
Data/Embeddings/no_white_or_punc/200_tokens/100_overlap/all-mpnet-base-v2,Redis,Llama 2 7B,all-mpnet-base-v2,answer the following question regarding redis:List four of the available data types for values (of Key-Value pairs).,0.6320810317993164,30.397461891174316,47.34375,"Based on the context provided, I can confirm that the available data types for values in a Redis key-value store are as follows:

1. Strings: This is the most common data type used in Redis, where each key-value pair consists of a string value.
2. Hashes (or Maps): A hash is a collection of key-value pairs where the keys are unique and can be of any data type (including other hashes).
3. Lists: A list is an ordered collection of values, where each value can be of any data type.
4. Sets: A set is an unordered collection of unique values, where each value can be of any data type.

So, to answer your question, the four available data types for values in Redis are Strings, Hashes, Lists, and Sets."
Data/Embeddings/no_white_or_punc/200_tokens/100_overlap/all-mpnet-base-v2,Redis,Llama 2 7B,all-mpnet-base-v2,how many databses are available in redis and how are they identified,0.6243851184844971,37.322129011154175,69.375,"Based on the context provided, I can answer your query as follows:

There are multiple datasets available in Redis, and they are identified by their unique IDs. The IDs are assigned based on the embedding ID of the model that created them. In this case, the embeddings IDs are 837, 276, and 828.

To retrieve a specific dataset from Redis, you can use the `Redis` module in Python and pass in the ID of the dataset as a parameter to the `hmget()` function. For example:
```python
import redis

# Connect to Redis
redis = redis.Redis(host='localhost', port=6379, db=0)

# Retrieve the dataset with ID 837
result = redis.hmget('datasets', 837)

# Print the contents of the dataset
print(result)
```
This code will retrieve the dataset with ID 837 from Redis and print its contents.

I hope this helps! Let me know if you have any other questions."
Data/Embeddings/no_white_or_punc/200_tokens/100_overlap/all-mpnet-base-v2,Redis,Llama 2 7B,all-mpnet-base-v2,how many databases are available in redis,0.7606909275054932,27.210429906845093,69.859375,"Based on the context provided, I can tell that you are asking about the number of databases available in Redis. However, I don't know the exact answer to your question as it is not provided in the context.

The context only provides information about the embeddings of three models from the ""all-mpnet-base-v2"" model family: embedding ID 837 with similarity 0.16, embedding ID 828 with similarity 0.36, and embedding ID 836 with similarity 0.42. These embeddings are likely used for various natural language processing tasks such as text classification, sentiment analysis, and machine translation.

To answer your question, I would need to know more about the Redis database system and how it stores and manages data. Without additional context or information, I cannot provide a accurate answer to your query."
Data/Embeddings/no_white_or_punc/200_tokens/100_overlap/all-mpnet-base-v2,Redis,Llama 2 7B,all-mpnet-base-v2,with respect to the atomicity of the A in ACID what is the purpose of the general command named rollback,0.481281042098999,30.09769606590271,68.875,"I'm glad you think I'm helpful! To answer your query, I must inform you that the context you provided does not directly relate to the purpose of the ""rollback"" command in the context of ACID.

ACID is a set of rules that ensure database transactions are processed reliably and securely. The ""rollback"" command is used to undo the effects of a previous transaction, typically due to a failure or error during its execution.

In the context of ACID, rollback is used to restore the database to a consistent state after an unsuccessful transaction. When a transaction fails or encounters an exception, the rollback command is executed to reverse the changes made by the failed transaction and return the database to its previous state.

Therefore, the purpose of the ""rollback"" command in ACID is to provide a way to recover from unexpected errors or failures during transaction execution, ensuring that the database remains in a consistent and reliable state."
Data/Embeddings/no_white_or_punc/200_tokens/100_overlap/all-mpnet-base-v2,Redis,Llama 2 7B,all-mpnet-base-v2,"With respect to the atomicity (the A of ACID), what is the purpose of the general command named ROLLBACK?",0.42637085914611816,25.704030990600586,44.59375,"Given the context you provided, I can answer your query accurately.

The purpose of the general command named ROLLBACK in the context of ACID transactions is to undo the effects of a previous COMMIT or ROLLFORWARD command. When a ROLLBACK command is issued, it reverses the changes made by the previous COMMIT or ROLLFORWARD command, returning the database to its state before the transaction began.

In other words, ROLLBACK is used to roll back a transaction to a previous point in time, undoing any changes that were made during the transaction. This is useful when a transaction fails or needs to be reversed for some reason, such as a concurrency violation or a mistake in the transaction code.

I hope this helps! Let me know if you have any other questions."
Data/Embeddings/no_white_or_punc/200_tokens/100_overlap/all-mpnet-base-v2,Redis,Llama 2 7B,all-mpnet-base-v2,explain why a B+ tree is better than an AVL tree for indexing large disk based datasets,0.35688090324401855,70.01202416419983,41.09375,"I'm glad you asked! B+ trees and AVL trees are both common data structures used for indexing large disk-based datasets, but they have some key differences that make B+ trees a better choice in many cases.

Firstly, B+ trees have a simpler structure than AVL trees. While AVL trees have a height-balanced binary tree structure with a root node, two child nodes, and two grandchild nodes, B+ trees are simply a series of layers of nodes, with each layer containing a set of keys and pointers to the next layer. This simplicity can lead to faster query times and lower memory usage compared to AVL trees.

Secondly, B+ trees are more efficient in handling insertions and deletions. In an AVL tree, each node has a fixed number of children, which means that inserting or deleting a node can result in the entire tree needing to be rebalanced. This can lead to slower query times during rebalancing. In contrast, B+ trees use a technique called ""lazy insertion"" which only rebalances the affected layers after an insertion or deletion operation, resulting in faster query times.

Thirdly, B+ trees offer better trade-offs between memory usage and query time compared to AVL trees. While AVL trees can be more efficient in terms of query time for small datasets, they tend to have higher memory usage due to their height-balanced structure. On the other hand, B+ trees can handle large datasets with fewer nodes, resulting in lower memory usage while still providing competitive query times.

Finally, B+ trees are more flexible and adaptable than AVL trees. B+ trees can be easily extended to handle different types of queries, such as range queries or proximity searches, by adding new layers or modifying existing ones. In contrast, AVL trees are designed primarily for insertion and deletion operations and may not be as effective for other types of queries.

In summary, while both B+ trees and AVL trees have their strengths and weaknesses, B+ trees are generally better suited for indexing large disk-based datasets due to their simplicity, efficiency in handling insertions and deletions, better trade-offs between memory usage and query time, and flexibility in adapting to different types of queries."
Data/Embeddings/no_white_or_punc/200_tokens/100_overlap/all-mpnet-base-v2,Chroma,Mistral,all-mpnet-base-v2,What is an AVL tree?,0.42167091369628906,19.15029287338257,50.953125," I don't know. The context provided does not contain information about an AVL tree. AVL tree is a self-balancing binary search tree, where the heights of the left and right subtrees of any node differ by at most one, introduced by George Adamson and G.M. Adel'son-Vel'skii in 1962."
Data/Embeddings/no_white_or_punc/200_tokens/100_overlap/all-mpnet-base-v2,Qdrant,Mistral,all-mpnet-base-v2,What is an AVL tree?,0.34922313690185547,17.71244788169861,38.9375," I don't know. The provided context does not seem to have any information about AVL trees. AVL tree is a self-balancing binary search tree, invented by George Adam George and Gerald James Blumenthal of the Digital Equipment Corporation in 1962, and named after their initials (A-V-L). It was the first such data structure to support all four basic operations (insertion, removal, search, and lookup of the minimum or maximum element) in O(log n) time in the worst case."
Data/Embeddings/no_white_or_punc/200_tokens/100_overlap/all-mpnet-base-v2,Redis,Mistral,all-mpnet-base-v2,What is an AVL tree?,0.32025980949401855,5.136168956756592,48.28125, I don't know. The context provided does not contain information about AVL trees.
Data/Embeddings/no_white_or_punc/500_tokens/100_overlap/all-mpnet-base-v2,Redis,Mistral,all-mpnet-base-v2,What is an AVL tree?,0.32810115814208984,9.595309972763062,49.8125," I don't know. The context provided seems to pertain to embeddings from a language model (all-mpnet-base-v2) rather than information about AVL trees, which is a data structure used in computer science."
Data/Embeddings/no_white_or_punc/500_tokens/100_overlap/all-mpnet-base-v2,Qdrant,Mistral,all-mpnet-base-v2,What is an AVL tree?,0.3386058807373047,16.960920095443726,48.3125," I don't know. The context provided doesn't seem to relate to the query about an AVL tree. An AVL tree is a self-balancing binary search tree, which maintains the height of the tree at a minimum by ensuring that for each node, the heights of its two subtrees differ by no more than one. It was named after George Adam Rouché (George Avlonsky) and Georgy Adelson-Velskiy who introduced it in 1962 and 1965 respectively."
Data/Embeddings/no_white_or_punc/500_tokens/100_overlap/all-mpnet-base-v2,Chroma,Mistral,all-mpnet-base-v2,What is an AVL tree?,0.37764596939086914,15.05862283706665,53.46875," I don't know. The context provided does not contain information about AVL trees. AVL tree is a self-balancing binary search tree, where the heights of the left and right subtrees of any node differ by at most one. It was named after Geodesic Inc. founders George Adams and Florian Sedgewick's initials (A and V) and their alma mater, Leoben University's abbreviation L in German (L)."
Data/Embeddings/no_white_or_punc/500_tokens/100_overlap/all-mpnet-base-v2,Redis,Llama 2 7B,all-mpnet-base-v2,What is an AVL tree?,0.32458925247192383,34.114660024642944,42.234375,"I'm glad you asked! An AVL tree is a type of self-balancing binary search tree that keeps data organized and searchable in a efficient manner. It was invented by Alfred Aho, Bui Quang Tri, and Richard M. Wright in 1965.

The key feature of an AVL tree is that it maintains a balance between the height of the tree and the number of nodes it contains. This is achieved through a system of rotations that occur when nodes are inserted or deleted from the tree. The rotations ensure that the tree remains roughly balanced, with the root node at approximately the midpoint of the tree's height.

An AVL tree supports the standard operations of a binary search tree, including insertion, deletion, and searching for a specific value. It is commonly used in databases and file systems to store and organize large amounts of data efficiently.

I hope that helps! Let me know if you have any other questions."
Data/Embeddings/no_white_or_punc/500_tokens/100_overlap/all-mpnet-base-v2,Chroma,Llama 2 7B,all-mpnet-base-v2,What is an AVL tree?,0.37769174575805664,10.913244009017944,43.15625,"I don't know the answer to your query as it is not related to the context provided. The context you provided are embeddings from a language model, and an AVL tree is a data structure used for balancing a binary search tree. Please provide more context or clarify your question so I can assist you better."
Data/Embeddings/no_white_or_punc/500_tokens/100_overlap/all-mpnet-base-v2,Qdrant,Llama 2 7B,all-mpnet-base-v2,What is an AVL tree?,0.33543920516967773,68.69553422927856,45.109375,"I'm glad you asked! An AVL tree is a type of self-balancing binary search tree that keeps data sorted and ensures efficient search, insertion, and deletion operations. It was invented by Adelson-Velskii and Landis in 1965.

The AVL tree is named after its creators, and it's known for its balance properties. The tree is designed to maintain a balance between the height of the left and right subtrees of a node, which ensures efficient search and insertion operations. This balance property also helps prevent the tree from getting too tall, which can make searches slower.

In an AVL tree, each node has at most two children (a left child and a right child), and the value of each node is unique within its subtree. The tree is also height-balanced, meaning that the height of the left and right subtrees of any node differs by at most one.

To ensure balance, AVL trees use a technique called rebalancing. When a node is inserted or deleted, the tree may become unbalanced, so the algorithm performs rebalancing operations to restore the balance. The rebalancing process involves rotating nodes to maintain the balance property.

AVL trees have several advantages over other types of binary search trees:

1. Efficient search: AVL trees support efficient search using the height-balance property, which ensures that the tree is approximately balanced. This property makes it possible to find a particular value in the tree in average O(log n) time, where n is the number of nodes in the tree.
2. Efficient insertion and deletion: AVL trees support efficient insertion and deletion operations using rebalancing techniques that maintain the balance property. These operations take O(log n) time.
3. Small worst-case time complexity: The worst-case time complexity of an AVL tree is O(n), which is better than other types of binary search trees like a regular binary search tree, which has a worst-case time complexity of O(n log n).
4. Stability: AVL trees are more stable than other types of binary search trees during insertion and deletion operations. They can handle a large number of insertions and deletions without causing significant changes in the height of the tree.

In summary, an AVL tree is a type of self-balancing binary search tree that keeps data sorted and ensures efficient search, insertion, and deletion operations. Its balance properties make it an ideal choice for various applications, including databases, file systems, and other data structures."
Data/Embeddings/no_white_or_punc/500_tokens/50_overlap/all-mpnet-base-v2,Chroma,Llama 2 7B,all-mpnet-base-v2,What is an AVL tree?,0.34465503692626953,47.50932025909424,48.5,"I'm glad you asked! An AVL tree is a type of self-balancing binary search tree that keeps data organized and easily accessible. It was invented by Adelson-Velskii and Landis in 1965.

The key feature of an AVL tree is that it maintains a balance between the height of the tree and the number of nodes. This is achieved through a rotation mechanism that occurs when a node is inserted or deleted from the tree, ensuring that the tree remains roughly balanced at all times. This balance allows for efficient search, insertion, and deletion operations.

In an AVL tree, each node has a unique key associated with it, and the values of the nodes are stored in a way that allows for efficient searching based on the keys. The tree is organized into a hierarchy of nodes, with each node having a fixed number of children (i.e., left child, right child, or both).

AVL trees have several useful properties:

1. Each node has at most two children, which ensures that the tree remains balanced.
2. The height of the tree is at most twice the height of the root node, which means that the tree can be searched efficiently using a variety of algorithms.
3. The tree is self-balancing, meaning that the balance of the tree is maintained even after insertion or deletion operations.
4. The tree supports efficient search, insertion, and deletion operations.

In summary, an AVL tree is a type of binary search tree that maintains a balance between the height of the tree and the number of nodes, making it ideal for organizing and searching large amounts of data efficiently."
Data/Embeddings/no_white_or_punc/500_tokens/50_overlap/all-mpnet-base-v2,Qdrant,Llama 2 7B,all-mpnet-base-v2,What is an AVL tree?,0.3326389789581299,31.1841561794281,43.34375,"I'm happy to help you! Based on the context provided, I can answer your query. An AVL tree is a type of self-balancing binary search tree that keeps data organized and easily accessible. It was invented by Adelson-Velskii and Landis in 1965.

The key features of an AVL tree are:

1. Each node in the tree has a unique key (a value that distinguishes it from its children or siblings).
2. The left and right subtrees of every node are either both smaller or both larger than the node itself. This is known as the self-balancing property.
3. The root of the tree is at a height that is no greater than the maximum height of any subtree in the tree.

AVL trees are commonly used in databases, file systems, and other applications where efficient searching and balancing of data is important. They are particularly useful for storing data that changes frequently or has a large range of values, as they can quickly adapt to changes in the data distribution without sacrificing search efficiency."
Data/Embeddings/no_white_or_punc/500_tokens/50_overlap/all-mpnet-base-v2,Redis,Llama 2 7B,all-mpnet-base-v2,What is an AVL tree?,0.3229990005493164,53.498615026474,43.171875,"I'm glad you asked! An AVL tree is a type of self-balancing binary search tree that keeps data in a way that allows searches, insertions, and deletions to be performed efficiently. The tree is named after its creators, Adelson-Velskii and Landis, who developed it in the 1960s.

The AVL tree is designed to maintain a balance between the height of the tree and the number of nodes in each subtree. This balance is achieved by using a technique called ""rebalancing,"" which involves rotating nodes to keep the tree roughly balanced after insertions or deletions.

To be more specific, an AVL tree is a binary search tree that satisfies the following properties:

1. Each node has at most two children (a left child and a right child).
2. The value of each node is greater than or equal to the values of its children.
3. The height of the tree is at most 2 times the height of the left subtree and at most 2 times the height of the right subtree.

The first property ensures that the tree is balanced, while the second and third properties ensure that the tree remains roughly balanced after insertions or deletions.

AVL trees have several advantages over other types of binary search trees. They are easy to implement and operate, they can handle a large number of nodes efficiently, and they can be used in a variety of applications, such as databases, file systems, and more.

In summary, an AVL tree is a self-balancing binary search tree that keeps data organized in a way that allows efficient searches, insertions, and deletions."
Data/Embeddings/no_white_or_punc/500_tokens/50_overlap/all-mpnet-base-v2,Chroma,Mistral,all-mpnet-base-v2,What is an AVL tree?,0.3508269786834717,19.16836190223694,48.171875," I don't know. The provided context does not seem to be related to the question about AVL trees. AVL tree is a self-balancing binary search tree, originally invented by Geodesic Inc. engineers George M. Adelson-Velsky and Elman Leiserson in 1962. It's named after their initials and can help maintain approximate balance or symmetry to reduce the height of the tree, which leads to optimal performance."
Data/Embeddings/no_white_or_punc/500_tokens/50_overlap/all-mpnet-base-v2,Qdrant,Mistral,all-mpnet-base-v2,What is an AVL tree?,0.38025999069213867,5.892761945724487,44.328125," I don't know. The provided context does not seem to relate to the question about an AVL tree, which is a self-balancing binary search tree in computer science."
Data/Embeddings/no_white_or_punc/500_tokens/50_overlap/all-mpnet-base-v2,Redis,Mistral,all-mpnet-base-v2,What is an AVL tree?,0.2955758571624756,10.917098999023438,39.6875," I don't know. The context provided doesn't seem to relate to the question about AVL trees. AVL tree is a self-balancing binary search tree, which maintains the height of the two child subtrees of any node differ by at most one. This property ensures that the tree remains approximately balanced and allows for efficient lookup, insertion, and deletion operations."
Data/Embeddings/no_white_or_punc/500_tokens/0_overlap/all-mpnet-base-v2,Redis,Mistral,all-mpnet-base-v2,What is an AVL tree?,0.33385324478149414,13.989696025848389,41.859375," I don't know. The context provided doesn't seem to relate to the question about an AVL tree. An AVL tree is a self-balancing binary search tree, originally developed by Geodesic Inc. for their operating system's file system. It was named after its inventors Adelson-Velsky and Landis. Each node contains a balance factor that measures the length of the two subtrees, helping to maintain the height of the tree close to logarithmic in the number of nodes."
Data/Embeddings/no_white_or_punc/500_tokens/0_overlap/all-mpnet-base-v2,Qdrant,Mistral,all-mpnet-base-v2,What is an AVL tree?,0.31346607208251953,11.82988977432251,43.9375," I don't know. The provided context does not contain information about AVL trees. AVL tree is a self-balancing binary search tree, named after its inventors George Adams and G. J. AVL (Adelson-Velsky and Landis). It was designed to solve the problem of maintaining a balanced tree in order to support logarithmic time performance for operations such as insertion, removal, and searching."
Data/Embeddings/no_white_or_punc/500_tokens/0_overlap/all-mpnet-base-v2,Chroma,Mistral,all-mpnet-base-v2,What is an AVL tree?,0.33660268783569336,17.100180864334106,43.75," I don't know the exact relation between the given context and your query about an AVL tree. The context provided seems to be related to word embeddings from a language model (all-mpnet-base-v2), but it doesn't provide information about AVL trees. An AVL tree is a self-balancing binary search tree in computer science, developed by George Adam George and George Arthur Mandelstam in 1962. It maintains the height of the tree at O(log n) in the worst case. If you need more information about AVL trees, I would be happy to help!"
Data/Embeddings/no_white_or_punc/500_tokens/0_overlap/all-mpnet-base-v2,Redis,Llama 2 7B,all-mpnet-base-v2,What is an AVL tree?,0.3146631717681885,47.65398097038269,40.46875,"I'm glad you asked! An AVL tree is a type of self-balancing binary search tree that keeps data organized and easily searchable. It was invented by Adelson-Velskii and Landis in 1965.

The key feature of an AVL tree is that it maintains a balance between the height of the tree and the number of nodes. This balance is achieved through a rotation mechanism, which ensures that the tree remains roughly balanced after each insertion or deletion of a node.

In an AVL tree, each node has at most two children (a left child and a right child), and the height of the tree is at most twice the height of any subtree. This property makes it easy to perform searches, inserts, and deletions in logarithmic time.

The basic operations that can be performed on an AVL tree include:

* Insertion: inserting a new node into the tree
* Deletion: removing a node from the tree
* Search: finding a specific node in the tree

To perform these operations, the AVL tree uses a set of rules that ensure the tree remains balanced. For example, when a node is inserted or deleted, the tree must be rotated to maintain the balance. The rotation process involves swapping the children of a node, which can result in a new balance pattern for the tree.

Overall, AVL trees are a useful data structure in computer science, particularly in applications where fast search and insertion times are important."
Data/Embeddings/no_white_or_punc/500_tokens/0_overlap/all-mpnet-base-v2,Qdrant,Llama 2 7B,all-mpnet-base-v2,What is an AVL tree?,0.3344559669494629,29.95732593536377,43.34375,"Based on the context provided, I can answer your query as follows:

An AVL tree is a type of self-balancing binary search tree. It is named after its inventor, Adelson-Velskii and Landis, who developed it in 1965. The AVL tree is designed to maintain a good balance of height and depth, which makes it efficient for searching, inserting, and deleting nodes.

In an AVL tree, each node has a key value and two child nodes, and the left and right subtrees of every node differ in height by at most one. This property ensures that the tree remains roughly balanced, with the root node being at the same height as the left and right subtrees.

The AVL tree is commonly used in many applications, such as database indexing, file systems, and data structures for algorithms. Its balance properties make it particularly useful for implementing efficient search and insertion operations.

I hope this information helps! Let me know if you have any further questions."
Data/Embeddings/no_white_or_punc/500_tokens/0_overlap/all-mpnet-base-v2,Chroma,Mistral,all-mpnet-base-v2,What is an AVL tree?,0.3707718849182129,21.932109117507935,43.171875," I don't know the specific connection between the given data and the question about an AVL tree. An AVL (Adelson-Velsky and Landis) tree is a self-balancing binary search tree, which means that the height of the tree is logarithmic to the number of elements in it, ensuring efficient searching and insertion operations. It achieves this balance by adjusting the heights of the tree after each insertion or deletion operation, maintaining a property where the differences between heights at any given node are within 1."
Data/Embeddings/no_white_or_punc/1000_tokens/0_overlap/all-mpnet-base-v2,Chroma,Llama 2 7B,all-mpnet-base-v2,What is an AVL tree?,0.3866400718688965,36.39459204673767,45.296875,"I'm happy to help! An AVL tree is a type of self-balancing binary search tree. It's a data structure that keeps data organized and allows for efficient searching, insertion, and deletion of nodes. The AVL tree is named after its creators, Adelson-Velskii and Landis, who developed it in the 1960s.

The key feature of an AVL tree is that it maintains a balance between the height of the tree and the number of nodes it contains. This balance is achieved through a technique called rebalancing, which occurs whenever a node is inserted or deleted from the tree. By keeping the tree balanced, AVL trees can ensure that the search time for any given node remains relatively constant, regardless of the size of the tree.

AVL trees support basic operations such as insertion, deletion, and searching for a specific value. They are commonly used in many applications, including databases, file systems, and web search engines.

I hope this helps! Let me know if you have any other questions."
Data/Embeddings/no_white_or_punc/1000_tokens/0_overlap/all-mpnet-base-v2,Qdrant,Llama 2 7B,all-mpnet-base-v2,What is an AVL tree?,0.37317991256713867,41.34281325340271,49.203125,"I'm happy to help! An AVL tree is a type of self-balancing binary search tree that keeps data organized and easily accessible. It was invented by Adelson-Velskii and Landis in 1965. The AVL tree is named after its creators, and it is also known as the Adelson-Velskii and Landis tree.

The AVL tree is designed to maintain a balance between the height of the tree and the number of nodes it contains. This balance is achieved by using a rotation mechanism that moves nodes around the tree to keep the height of the tree relatively small, while still allowing efficient search, insertion, and deletion operations.

In an AVL tree, each node has a unique key, and the keys are stored in a sorted order. The tree is organized into a series of layers, with each layer containing a root node and two child nodes. Each child node can have up to two child nodes of its own, creating a hierarchical structure.

The AVL tree supports several operations, including:

* Insertion: adding a new key-value pair to the tree
* Deletion: removing a key-value pair from the tree
* Search: finding a specific key in the tree

The AVL tree is particularly useful in situations where data needs to be stored and retrieved efficiently, such as in databases or file systems. It is also used in many other applications, including compilers, virtual machines, and web search engines.

I hope this helps! Let me know if you have any further questions."
Data/Embeddings/no_white_or_punc/1000_tokens/0_overlap/all-mpnet-base-v2,Redis,Llama 2 7B,all-mpnet-base-v2,What is an AVL tree?,0.32280421257019043,42.71668100357056,40.546875,"Based on the context provided, I can answer your query as follows:

An AVL tree is a type of self-balancing binary search tree that keeps data organized in a way that allows for efficient searching, insertion, and deletion operations. The name ""AVL"" comes from the German computer scientist Andrew von Neumann, who invented the data structure in the 1960s.

The key feature of an AVL tree is its ability to maintain a balance between the height of the tree and the number of nodes it contains. This balance is achieved through a series of rotations that occur when two nodes are inserted or deleted from the tree. These rotations ensure that the tree remains roughly balanced, with no more than one node at a height of log2(n) nodes (where n is the number of nodes in the tree).

In addition to its balance properties, AVL trees have several other desirable characteristics:

* They are easy to search: The time required to search for a value in an AVL tree is roughly log2(n) operations.
* They are efficient at inserting and deleting nodes: The time required to insert or delete a node from an AVL tree is roughly twice the time required to search for a value.
* They have good worst-case time complexity: The worst-case time complexity of an AVL tree is O(n), which means that the time required to perform an operation on the tree grows slowly as the size of the tree increases.

Overall, AVL trees are a useful data structure for organizing and searching large amounts of data in a relatively efficient manner."
Data/Embeddings/no_white_or_punc/1000_tokens/0_overlap/all-mpnet-base-v2,Chroma,Mistral,all-mpnet-base-v2,What is an AVL tree?,0.3697221279144287,10.041093826293945,43.9375, I don't know. The provided context does not contain information about an AVL tree.
Data/Embeddings/no_white_or_punc/1000_tokens/0_overlap/all-mpnet-base-v2,Qdrant,Mistral,all-mpnet-base-v2,What is an AVL tree?,0.3157801628112793,3.6817479133605957,43.984375, I don't know. The provided context does not contain information about AVL trees.
Data/Embeddings/no_white_or_punc/1000_tokens/0_overlap/all-mpnet-base-v2,Redis,Mistral,all-mpnet-base-v2,What is an AVL tree?,0.30927109718322754,11.600143671035767,42.265625," I don't know. The provided context does not contain information about an AVL tree. An AVL (Adelson-Velsky and Landis) tree is a self-balancing binary search tree, meaning that the heights of the two child subtrees of any node differ by at most one, thereby ensuring that the tree remains approximately balanced, which allows for efficient lookup, insertion, and deletion operations."
Data/Embeddings/no_white_or_punc/1000_tokens/50_overlap/all-mpnet-base-v2,Redis,Mistral,all-mpnet-base-v2,What is an AVL tree?,0.30944299697875977,14.650891065597534,40.4375," I don't know. The provided context does not contain any information about an AVL tree. An AVL tree is a self-balancing binary search tree, developed by Geodesic Inc. programmers G. M. Adelson-Velsky and E. M. Landis in 1962. It was named after their initials: Adelson-Velsky (A) and Landis (L). The 'tree' part refers to the data structure itself, which is a tree-like hierarchical structure."
Data/Embeddings/no_white_or_punc/1000_tokens/50_overlap/all-mpnet-base-v2,Qdrant,Mistral,all-mpnet-base-v2,What is an AVL tree?,0.3249950408935547,15.59932804107666,44.25," I don't know. The provided context does not seem to contain information about AVL trees. AVL tree is a self-balancing binary search tree, which was invented by George Adam George and Gerald James Hill in 1962. It is named after their names, ""Adelson-Velski"" and ""Landis"". It maintains the property that the heights of the left and right subtrees of every node differ by at most one. This helps in maintaining the search efficiency as the height of the tree remains logarithmic to the number of nodes."
Data/Embeddings/no_white_or_punc/1000_tokens/50_overlap/all-mpnet-base-v2,Chroma,Mistral,all-mpnet-base-v2,What is an AVL tree?,0.3258669376373291,15.359312057495117,43.765625," I don't know. The context provided does not contain information about an AVL tree. An AVL tree is a self-balancing binary search tree that was invented by Geodesic Inc. engineers George Adamson and G.M. Voronoi in 1962, and popularized by Adelson-Velsky and Landis in their 1962 Russian article ""Dynamic investigation of multidimensional arrays"" (Russian: Динамическое исследование многомерных массивов)."
Data/Embeddings/no_white_or_punc/1000_tokens/50_overlap/all-mpnet-base-v2,Redis,Llama 2 7B,all-mpnet-base-v2,What is an AVL tree?,0.308941125869751,49.49221920967102,44.28125,"I'm glad you asked! An AVL tree is a type of self-balancing binary search tree that keeps data organized and allows for efficient searching, insertion, and deletion of nodes. It was invented by Donald E. Knuth, James B. Mauchly, and D. L. Tarr in 1965.

The key feature of an AVL tree is that it maintains a balance between the height of the tree and the number of nodes it contains. This balance is achieved through a system of rotations, which are used to move nodes around the tree as new elements are inserted or old ones are deleted. By keeping the height of the tree relatively small, AVL trees can efficiently search for specific values in the tree, making them particularly useful for data structures like sets and maps.

In your context, the embedding IDs 24, 34, and 46 refer to three different sub-trees within the larger AVL tree. The similarity value of each embedding ID represents the degree of similarity between the node represented by that ID and the root node of the tree. For example, an embedding ID with a similarity value of 0.33 means that the node it represents is 33% similar to the root node, while an embedding ID with a similarity value of 0.41 means that the node it represents is 41% similar to the root node.

I hope this helps! Let me know if you have any other questions."
Data/Embeddings/no_white_or_punc/1000_tokens/50_overlap/all-mpnet-base-v2,Qdrant,Llama 2 7B,all-mpnet-base-v2,What is an AVL tree?,0.37476253509521484,36.80483388900757,45.984375,"I'm glad you asked! An AVL tree is a type of self-balancing binary search tree that keeps data organized and efficiently searchable. It was invented by Adelbert W. Hendrey and Michael S. Tutell in 1970.

The key feature of an AVL tree is that it maintains a balance between the height of the tree and the number of nodes in the tree. This is achieved through a series of operations called ""rotations,"" which are used to rebalance the tree when a new node is inserted or removed.

AVL trees support efficient search, insertion, and deletion operations, making them useful for a wide range of applications, including databases, file systems, and data structures. They are particularly useful in situations where the data is highly skewed, meaning that most of the data falls into one or two categories, and it's important to maintain a balance between the height of the tree and the number of nodes in the tree.

In summary, an AVL tree is a type of binary search tree that maintains balance between the height of the tree and the number of nodes in the tree through a series of rebalancing operations called ""rotations."" It's a useful data structure for efficient search, insertion, and deletion operations in various applications."
Data/Embeddings/no_white_or_punc/1000_tokens/50_overlap/all-mpnet-base-v2,Chroma,Llama 2 7B,all-mpnet-base-v2,What is an AVL tree?,0.3280010223388672,11.30990219116211,44.5,"I don't know. The context you provided does not seem to be relevant to the query ""What is an AVL tree?"" as it only mentions different embeddings from a model called ""all-mpnet-base-v2"". Could you please provide more context or clarify what you are trying to find out?"
Data/Embeddings/no_white_or_punc/1000_tokens/100_overlap/all-mpnet-base-v2,Chroma,Llama 2 7B,all-mpnet-base-v2,What is an AVL tree?,0.3413980007171631,40.311156034469604,45.78125,"I'm happy to help! An AVL tree is a type of self-balancing binary search tree that maintains a balance between the left and right subtrees of the root node. It is named after its creators, Adelson-Velskii and Landis, who developed it in 1965.

The key feature of an AVL tree is that it automatically adjusts the height of the tree to maintain a balance between the left and right subtrees of the root node. This balance is achieved by rotating nodes when the tree becomes unbalanced due to insertion or deletion of nodes. There are four types of rotations in an AVL tree: left rotation, right rotation, left-right rotation, and twisting.

AVL trees are commonly used in many applications, including databases, file systems, and web search engines, due to their efficient search, insertion, and deletion operations. They are particularly useful for maintaining a balance between the number of nodes in the left and right subtrees of the root node, which ensures that the tree remains roughly balanced and allows for efficient searching and manipulation of data.

I hope this helps! Let me know if you have any other questions."
Data/Embeddings/no_white_or_punc/1000_tokens/100_overlap/all-mpnet-base-v2,Qdrant,Llama 2 7B,all-mpnet-base-v2,What is an AVL tree?,0.33905482292175293,40.567407846450806,61.5625,"I'm glad you asked! An AVL tree is a type of self-balancing binary search tree. It is named after its creators, Adelson-Velskii and Landis, who developed the data structure in 1965.

The AVL tree is a balance binary search tree, which means that it maintains a good balance between the height of the tree and the number of nodes it contains. This is important because it allows the tree to be efficiently searched and traversed, while also ensuring that the tree remains relatively small compared to other data structures.

In an AVL tree, each node has at most two children (a left child and a right child), and the value stored in each node is greater than or equal to the values stored in its children. This ensures that the tree remains balanced and that queries can be efficiently executed.

The AVL tree is commonly used in many applications, such as database indexing, file systems, and web search engines. It is particularly useful for handling large amounts of data and performing efficient searches and queries.

I hope this helps! Let me know if you have any other questions."
Data/Embeddings/no_white_or_punc/1000_tokens/100_overlap/all-mpnet-base-v2,Redis,Llama 2 7B,all-mpnet-base-v2,What is an AVL tree?,0.3291897773742676,58.22999811172485,44.578125,"I'm happy to help! An AVL tree is a type of self-balancing binary search tree. It is named after its creators, Adelson-Velskii and Landis, who developed it in the 1960s.

An AVL tree is a data structure that maintains a balance between the height of the tree and the number of nodes it contains. This is important because the height of the tree can affect the time it takes to perform operations on the tree, such as inserting or searching for an element.

AVL trees are designed to minimize the height of the tree by using a balance factor that ensures the tree remains roughly balanced. The balance factor is calculated as the difference between the height of the left and right subtrees of the root node. If the balance factor exceeds a certain threshold, the tree must be rebalanced by rotating one or more nodes to reduce the imbalance.

In an AVL tree, each node has a unique key and can contain a value associated with that key. The keys in an AVL tree are stored in a contiguous block of memory, which makes it easier to perform operations on the tree.

AVL trees have several useful properties, including:

* Self-balancing: The height of the tree remains relatively constant even after many insertions and deletions.
* Fast search: The time required to search for an element in the tree is O(log n), where n is the number of elements in the tree.
* Fast insertion and deletion: The time required to insert or delete an element in the tree is O(log n).

Overall, AVL trees are a useful data structure for applications that require efficient search, insertion, and deletion operations on a large dataset."
Data/Embeddings/no_white_or_punc/1000_tokens/100_overlap/all-mpnet-base-v2,Chroma,Mistral,all-mpnet-base-v2,What is an AVL tree?,0.3381800651550293,15.982302904129028,46.109375," I don't know. The provided context does not contain information about AVL trees. AVL tree is a self-balancing binary search tree where the height difference between the two child subtrees of any node cannot be more than one, and it maintains this balance by doing rotations."
Data/Embeddings/no_white_or_punc/1000_tokens/100_overlap/all-mpnet-base-v2,Qdrant,Mistral,all-mpnet-base-v2,What is an AVL tree?,0.31783509254455566,5.972411870956421,43.71875, I don't know. The provided context does not contain information about AVL trees.
Data/Embeddings/no_white_or_punc/1000_tokens/100_overlap/all-mpnet-base-v2,Redis,Mistral,all-mpnet-base-v2,What is an AVL tree?,0.3088042736053467,13.098417043685913,40.875," I don't know. The context provided does not contain any information about AVL trees. AVL trees are a type of self-balancing binary search tree, introduced by Geores Adelson-Velsky and Emanuel Leibman in 1962. They are used to maintain ordered data while ensuring that the height of the tree is logarithmic in the number of elements."
Data/Embeddings/no_white_or_punc/1000_tokens/100_overlap/all-MiniLM-L6-v2,Chroma,Llama 2 7B,all-MiniLM-L6-v2,What is an AVL tree?,0.35424089431762695,40.83979415893555,52.921875,"I'm happy to help! An AVL tree is a type of self-balancing binary search tree that keeps data organized in a way that allows for efficient search, insertion, and deletion operations. It is named after its creator, Adelson-Velskii and Landis, who developed the algorithm in 1965.

The AVL tree is defined by the following properties:

1. Each node has a unique key (usually an integer) that identifies it.
2. The root node is at a height of either 0 or 1.
3. For each non-leaf node, the difference between the keys of its two child nodes is at most 1.
4. For each leaf node, the key is greater than or equal to the keys of all its children.

The AVL tree is designed to maintain a balance between the height of the tree and the frequency of the queries. The tree is self-balancing, meaning that it automatically adjusts its height and structure to keep the tree balanced after each operation. This makes it particularly useful for implementing efficient search, insertion, and deletion operations in a variety of applications.

I hope this helps! Let me know if you have any other questions."
Data/Embeddings/no_white_or_punc/1000_tokens/100_overlap/all-MiniLM-L6-v2,Redis,Llama 2 7B,all-MiniLM-L6-v2,What is an AVL tree?,0.31972312927246094,38.72073674201965,39.3125,"Hi there! I'm here to help you with your query. An AVL tree is a type of self-balancing binary search tree that keeps data organized and easy to search. It was invented by Adelson-Velskii and Landis in 1965 and is named after them.

An AVL tree is a binary search tree that maintains a balance between the left and right subtrees of every node. This balance is important because it allows for efficient searching, insertion, and deletion of nodes while ensuring that the tree remains organized and easy to navigate.

To be more specific, an AVL tree is a binary search tree that satisfies the following properties:

1. Each node has at most two children (a left child and a right child).
2. The difference between the height of the left and right subtrees of every node is at most 1.
3. For every node, the sum of the heights of the left and right subtrees is at most 2H, where H is the height of the tree.

These properties ensure that the AVL tree remains balanced and allows for efficient searching. The balance is maintained by rotating nodes when they are inserted or deleted to keep the tree in a state of equilibrium.

I hope this helps! Let me know if you have any other questions."
Data/Embeddings/no_white_or_punc/1000_tokens/100_overlap/all-MiniLM-L6-v2,Redis,Mistral,all-MiniLM-L6-v2,What is an AVL tree?,0.2803361415863037,29.880897998809814,36.984375," An AVL (Adelson-Velsky and Landis) tree is a self-balancing binary search tree, which was designed to fix the problem of tall trees in regular binary search trees. It is named after its inventors George Adelson-Velsky and Yuri Landis. The AVL tree uses a balance factor to maintain the height of the tree close to logarithmic time complexity in the best and worst cases, providing efficient search, insert, and delete operations.

In an AVL tree, each node has a balance factor that is the difference between the heights of its left and right subtrees. The balance factors are used to ensure the height of the tree remains balanced; if a node's balance factor becomes 2 or -2, the tree needs to be rebalanced by performing rotations (single or double). The root of the AVL tree is always set to have a balance factor of 0."
Data/Embeddings/no_white_or_punc/1000_tokens/100_overlap/all-MiniLM-L6-v2,Chroma,Mistral,all-MiniLM-L6-v2,What is an AVL tree?,0.2921593189239502,4.165381193161011,40.875, I don't know. The provided context does not contain information about AVL trees.
